,,,,,,,,,,
Year,State,NMFS Name,Pounds,Metric Tons,Dollars,Confidentiality,Collection,Scientific Name,Tsn,Source
2023,MARYLAND,"OYSTER, EASTERN","1,923,416",872,"23,652,717",Public,Commercial,Crassostrea virginica,79872,ACCSP
2023,VIRGINIA,"OYSTER, EASTERN","4,366,079","1,980","47,765,014",Public,Commercial,Crassostrea virginica,79872,ACCSP
2022,MARYLAND,"OYSTER, EASTERN","1,768,392",802,"24,741,846",Public,Commercial,Crassostrea virginica,79872,ACCSP
2022,VIRGINIA,"OYSTER, EASTERN","4,428,519","2,009","32,204,135",Public,Commercial,Crassostrea virginica,79872,ACCSP
2021,MARYLAND,"OYSTER, EASTERN","1,391,248",631,"15,403,761",Public,Commercial,Crassostrea virginica,79872,ACCSP
2021,VIRGINIA,"OYSTER, EASTERN","3,633,272","1,648","30,250,151",Public,Commercial,Crassostrea virginica,79872,ACCSP
2020,MARYLAND,"OYSTER, EASTERN","937,033",425,"10,150,085",Public,Commercial,Crassostrea virginica,79872,ACCSP
2020,VIRGINIA,"OYSTER, EASTERN","2,980,267","1,352","37,833,998",Public,Commercial,Crassostrea virginica,79872,ACCSP
2019,MARYLAND,"OYSTER, EASTERN","657,583",298,"9,950,603",Public,Commercial,Crassostrea virginica,79872,ACCSP
2019,VIRGINIA,"OYSTER, EASTERN","3,434,635","1,558","38,633,573",Public,Commercial,Crassostrea virginica,79872,ACCSP
2018,MARYLAND,"OYSTER, EASTERN","465,050",211,"6,741,398",Public,Commercial,Crassostrea virginica,79872,ACCSP
2018,MISSISSIPPI,"OYSTER, EASTERN","31,832",14,"183,365",Public,Commercial,Crassostrea virginica,79872,GULFFIN
2018,VIRGINIA,"OYSTER, EASTERN","3,801,737","1,724","43,451,505",Public,Commercial,Crassostrea virginica,79872,ACCSP
2017,MARYLAND,"OYSTER, EASTERN","671,372",305,"10,473,078",Public,Commercial,Crassostrea virginica,79872,ACCSP
2017,MISSISSIPPI,"OYSTER, EASTERN","92,392",42,"527,941",Public,Commercial,Crassostrea virginica,79872,GULFFIN
2017,VIRGINIA,"OYSTER, EASTERN","4,086,543","1,854","49,283,501",Public,Commercial,Crassostrea virginica,79872,ACCSP
2016,MARYLAND,"OYSTER, EASTERN","886,953",402,"12,264,899",Public,Commercial,Crassostrea virginica,79872,ACCSP
2016,MISSISSIPPI,"OYSTER, EASTERN","474,784",215,"2,026,894",Public,Commercial,Crassostrea virginica,79872,GULFFIN
2016,VIRGINIA,"OYSTER, EASTERN","4,076,441","1,849","33,787,774",Public,Commercial,Crassostrea virginica,79872,ACCSP
2015,MARYLAND,"OYSTER, EASTERN","1,190,855",540,"15,092,747",Public,Commercial,Crassostrea virginica,79872,ACCSP
2015,MISSISSIPPI,"OYSTER, EASTERN","185,688",84,"989,295",Public,Commercial,Crassostrea virginica,79872,GULFFIN
2015,VIRGINIA,"OYSTER, EASTERN","4,586,831","2,081","36,498,462",Public,Commercial,Crassostrea virginica,79872,ACCSP
2014,MARYLAND,"OYSTER, EASTERN","1,196,279",543,"15,686,740",Public,Commercial,Crassostrea virginica,79872,ACCSP
2014,MISSISSIPPI,"OYSTER, EASTERN","333,208",151,"1,741,954",Public,Commercial,Crassostrea virginica,79872,GULFFIN
2014,VIRGINIA,"OYSTER, EASTERN","3,764,801","1,708","29,098,551",Public,Commercial,Crassostrea virginica,79872,ACCSP
2013,MARYLAND,"OYSTER, EASTERN","1,404,052",637,"13,826,873",Public,Commercial,Crassostrea virginica,79872,ACCSP
2013,MISSISSIPPI,"OYSTER, EASTERN","336,192",152,"1,543,719",Public,Commercial,Crassostrea virginica,79872,GULFFIN
2013,VIRGINIA,"OYSTER, EASTERN","3,242,599","1,471","25,317,674",Public,Commercial,Crassostrea virginica,79872,ACCSP
2012,MARYLAND,"OYSTER, EASTERN","612,984",278,"5,667,150",Public,Commercial,Crassostrea virginica,79872,ACCSP
2012,MISSISSIPPI,"OYSTER, EASTERN","425,496",193,"1,595,610",Public,Commercial,Crassostrea virginica,79872,GULFFIN
2012,VIRGINIA,"OYSTER, EASTERN","1,951,367",885,"11,949,279",Public,Commercial,Crassostrea virginica,79872,ACCSP
2011,MARYLAND,"OYSTER, EASTERN","355,773",161,"3,688,807",Public,Commercial,Crassostrea virginica,79872,ACCSP
2011,MISSISSIPPI,"OYSTER, EASTERN","247,384",112,"927,690",Public,Commercial,Crassostrea virginica,79872,GULFFIN
2011,VIRGINIA,"OYSTER, EASTERN","1,514,889",687,"6,832,052",Public,Commercial,Crassostrea virginica,79872,ACCSP
2010,MARYLAND,"OYSTER, EASTERN","408,456",185,"4,094,892",Public,Commercial,Crassostrea virginica,79872,ACCSP
2010,MISSISSIPPI,"OYSTER, EASTERN","1,452,712",659,"4,267,658",Public,Commercial,Crassostrea virginica,79872,GULFFIN
2010,VIRGINIA,"OYSTER, EASTERN","1,177,063",534,"5,202,275",Public,Commercial,Crassostrea virginica,79872,ACCSP
2009,MARYLAND,"OYSTER, EASTERN","497,980",226,"3,849,265",Public,Commercial,Crassostrea virginica,79872,ACCSP
2009,MISSISSIPPI,"OYSTER, EASTERN","2,191,724",994,"6,100,264",Public,Commercial,Crassostrea virginica,79872,GULFFIN
2009,VIRGINIA,"OYSTER, EASTERN","801,714",364,"3,745,299",Public,Commercial,Crassostrea virginica,79872,ACCSP
2008,MARYLAND,"OYSTER, EASTERN","249,449",113,"2,277,057",Public,Commercial,Crassostrea virginica,79872,ACCSP
2008,MISSISSIPPI,"OYSTER, EASTERN","2,610,349","1,184","6,869,160",Public,Commercial,Crassostrea virginica,79872,GULFFIN
2008,VIRGINIA,"OYSTER, EASTERN","766,874",348,"3,100,660",Public,Commercial,Crassostrea virginica,79872,ACCSP
2007,MARYLAND,"OYSTER, EASTERN","317,029",144,"3,145,649",Public,Commercial,Crassostrea virginica,79872,ACCSP
2007,MISSISSIPPI,"OYSTER, EASTERN","299,088",136,"818,544",Public,Commercial,Crassostrea virginica,79872,GULFFIN
2007,VIRGINIA,"OYSTER, EASTERN","1,858,695",843,"2,774,206",Public,Commercial,Crassostrea virginica,79872,ACCSP
2006,MARYLAND,"OYSTER, EASTERN","273,894",124,"1,237,726",Public,Commercial,Crassostrea virginica,79872,ACCSPHIST
2006,VIRGINIA,"OYSTER, EASTERN",166,0,"2,760",Public,Commercial,Crassostrea virginica,79872,ACCSPHIST
2005,MARYLAND,"OYSTER, EASTERN","737,853",335,"3,434,963",Public,Commercial,Crassostrea virginica,79872,ACCSPHIST
2005,MISSISSIPPI,"OYSTER, EASTERN",,,,Confidential,Commercial,Crassostrea virginica,79872,GULFFIN
2004,MARYLAND,"OYSTER, EASTERN","42,791",19,"181,003",Public,Commercial,Crassostrea virginica,79872,ACCSPHIST
2004,MISSISSIPPI,"OYSTER, EASTERN",,,,Confidential,Commercial,Crassostrea virginica,79872,GULFFIN
2004,VIRGINIA,"OYSTER, EASTERN","43,999",20,"192,707",Public,Commercial,Crassostrea virginica,79872,ACCSPHIST
2003,MARYLAND,"OYSTER, EASTERN","158,873",72,"706,256",Public,Commercial,Crassostrea virginica,79872,ACCSPHIST
2003,MISSISSIPPI,"OYSTER, EASTERN","4,042,136","1,834","7,227,588",Public,Commercial,Crassostrea virginica,79872,GULFFINHIST
2003,VIRGINIA,"OYSTER, EASTERN","77,639",35,"263,002",Public,Commercial,Crassostrea virginica,79872,ACCSPHIST
2002,MARYLAND,"OYSTER, EASTERN","566,990",257,"2,172,418",Public,Commercial,Crassostrea virginica,79872,ACCSPHIST
2002,MISSISSIPPI,"OYSTER, EASTERN","2,737,839","1,242","4,455,647",Public,Commercial,Crassostrea virginica,79872,GULFFINHIST
2002,VIRGINIA,"OYSTER, EASTERN","97,192",44,"316,283",Public,Commercial,Crassostrea virginica,79872,ACCSPHIST
2001,MARYLAND,"OYSTER, EASTERN","1,274,210",578,"3,789,301",Public,Commercial,Crassostrea virginica,79872,ACCSPHIST
2001,MISSISSIPPI,"OYSTER, EASTERN","2,653,270","1,204","4,195,464",Public,Commercial,Crassostrea virginica,79872,GULFFINHIST
2001,VIRGINIA,"OYSTER, EASTERN","208,620",95,"570,656",Public,Commercial,Crassostrea virginica,79872,ACCSPHIST
2000,MARYLAND,"OYSTER, EASTERN","2,368,236","1,074","7,192,089",Public,Commercial,Crassostrea virginica,79872,ACCSPHIST
2000,MISSISSIPPI,"OYSTER, EASTERN","3,548,240","1,609","6,113,303",Public,Commercial,Crassostrea virginica,79872,GULFFINHIST
2000,VIRGINIA,"OYSTER, EASTERN","163,066",74,"478,967",Public,Commercial,Crassostrea virginica,79872,ACCSPHIST
1999,MARYLAND,"OYSTER, EASTERN","2,439,995","1,107","7,111,469",Public,Commercial,Crassostrea virginica,79872,ACCSPHIST
1999,MISSISSIPPI,"OYSTER, EASTERN","2,793,201","1,267","4,457,261",Public,Commercial,Crassostrea virginica,79872,GULFFINHIST
1999,VIRGINIA,"OYSTER, EASTERN","346,234",157,"966,964",Public,Commercial,Crassostrea virginica,79872,ACCSPHIST
1998,MARYLAND,"OYSTER, EASTERN","2,460,954","1,116","7,635,153",Public,Commercial,Crassostrea virginica,79872,ACCSPHIST
1998,MISSISSIPPI,"OYSTER, EASTERN","2,388,611","1,083","3,812,793",Public,Commercial,Crassostrea virginica,79872,GULFFINHIST
1998,VIRGINIA,"OYSTER, EASTERN","222,775",101,"657,650",Public,Commercial,Crassostrea virginica,79872,ACCSPHIST
1997,MARYLAND,"OYSTER, EASTERN","1,429,409",648,"4,507,620",Public,Commercial,Crassostrea virginica,79872,ACCSPHIST
1997,MISSISSIPPI,"OYSTER, EASTERN","3,499,964","1,588","5,309,334",Public,Commercial,Crassostrea virginica,79872,GULFFINHIST
1997,VIRGINIA,"OYSTER, EASTERN","303,359",138,"959,368",Public,Commercial,Crassostrea virginica,79872,ACCSPHIST
1996,MARYLAND,"OYSTER, EASTERN","888,863",403,"2,852,786",Public,Commercial,Crassostrea virginica,79872,ACCSPHIST
1996,MISSISSIPPI,"OYSTER, EASTERN","2,615,515","1,186","4,463,877",Public,Commercial,Crassostrea virginica,79872,GULFFINHIST
1996,VIRGINIA,"OYSTER, EASTERN","159,606",72,"462,041",Public,Commercial,Crassostrea virginica,79872,ACCSPHIST
1995,MARYLAND,"OYSTER, EASTERN","1,197,759",543,"3,175,068",Public,Commercial,Crassostrea virginica,79872,ACCSPHIST
1995,MISSISSIPPI,"OYSTER, EASTERN","1,327,100",602,"1,658,189",Public,Commercial,Crassostrea virginica,79872,GULFFINHIST
1995,VIRGINIA,"OYSTER, EASTERN","398,220",181,"1,089,629",Public,Commercial,Crassostrea virginica,79872,ACCSPHIST
1994,MARYLAND,"OYSTER, EASTERN","817,829",371,"2,647,295",Public,Commercial,Crassostrea virginica,79872,ACCSPHIST
1994,MISSISSIPPI,"OYSTER, EASTERN","1,682,579",763,"2,321,164",Public,Commercial,Crassostrea virginica,79872,GULFFINHIST
1994,VIRGINIA,"OYSTER, EASTERN","300,581",136,"812,457",Public,Commercial,Crassostrea virginica,79872,ACCSPHIST
1993,MARYLAND,"OYSTER, EASTERN","164,435",75,"537,019",Public,Commercial,Crassostrea virginica,79872,ACCSPHIST
1993,MISSISSIPPI,"OYSTER, EASTERN","1,257,771",571,"1,315,562",Public,Commercial,Crassostrea virginica,79872,GULFFINHIST
1993,VIRGINIA,"OYSTER, EASTERN","406,958",185,"1,114,641",Public,Commercial,Crassostrea virginica,79872,ACCSPHIST
1992,MARYLAND,"OYSTER, EASTERN","1,468,451",666,"4,712,640",Public,Commercial,Crassostrea virginica,79872,ACCSPHIST
1992,MISSISSIPPI,"OYSTER, EASTERN","708,168",321,"808,328",Public,Commercial,Crassostrea virginica,79872,GULFFINHIST
1992,VIRGINIA,"OYSTER, EASTERN","726,017",329,"2,044,082",Public,Commercial,Crassostrea virginica,79872,ACCSPHIST
1991,MARYLAND,"OYSTER, EASTERN","1,677,500",761,"5,282,666",Public,Commercial,Crassostrea virginica,79872,ACCSPHIST
1991,MISSISSIPPI,"OYSTER, EASTERN","102,076",46,"157,428",Public,Commercial,Crassostrea virginica,79872,GULFFINHIST
1991,VIRGINIA,"OYSTER, EASTERN","1,703,660",773,"4,881,402",Public,Commercial,Crassostrea virginica,79872,ACCSPHIST
1990,MARYLAND,"OYSTER, EASTERN","2,882,325","1,307","10,747,729",Public,Commercial,Crassostrea virginica,79872,ACCSPHIST
1990,MISSISSIPPI,"OYSTER, EASTERN","147,517",67,"402,976",Public,Commercial,Crassostrea virginica,79872,GULFFINHIST
1990,VIRGINIA,"OYSTER, EASTERN","1,632,788",741,"5,171,581",Public,Commercial,Crassostrea virginica,79872,ACCSPHIST
1989,MARYLAND,"OYSTER, EASTERN","2,328,500","1,056","7,888,844",Public,Commercial,Crassostrea virginica,79872,ACCSPHIST
1989,MISSISSIPPI,"OYSTER, EASTERN","100,109",45,"346,617",Public,Commercial,Crassostrea virginica,79872,GULFFINHIST
1989,VIRGINIA,"OYSTER, EASTERN","1,974,600",896,"6,018,810",Public,Commercial,Crassostrea virginica,79872,ACCSPHIST
1988,MARYLAND,"OYSTER, EASTERN","2,408,800","1,093","7,270,031",Public,Commercial,Crassostrea virginica,79872,ACCSPHIST
1988,MISSISSIPPI,"OYSTER, EASTERN","146,602",66,"464,060",Public,Commercial,Crassostrea virginica,79872,GULFFINHIST
1988,VIRGINIA,"OYSTER, EASTERN","2,927,000","1,328","7,734,980",Public,Commercial,Crassostrea virginica,79872,ACCSPHIST
1987,MARYLAND,"OYSTER, EASTERN","3,822,000","1,734","11,817,109",Public,Commercial,Crassostrea virginica,79872,ACCSPHIST
1987,MISSISSIPPI,"OYSTER, EASTERN","132,103",60,"426,723",Public,Commercial,Crassostrea virginica,79872,GULFFINHIST
1987,VIRGINIA,"OYSTER, EASTERN","4,825,600","2,189","11,837,160",Public,Commercial,Crassostrea virginica,79872,ACCSPHIST
1986,MARYLAND,"OYSTER, EASTERN","7,961,800","3,611","18,264,794",Public,Commercial,Crassostrea virginica,79872,ACCSPHIST
1986,MISSISSIPPI,"OYSTER, EASTERN","1,202,015",545,"1,799,882",Public,Commercial,Crassostrea virginica,79872,GULFFINHIST
1986,VIRGINIA,"OYSTER, EASTERN","5,780,239","2,622","10,857,814",Public,Commercial,Crassostrea virginica,79872,ACCSPHIST
1985,MARYLAND,"OYSTER, EASTERN","8,597,800","3,900","15,572,626",Public,Commercial,Crassostrea virginica,79872,ACCSPHIST
1985,MISSISSIPPI,"OYSTER, EASTERN","1,192,650",541,"1,499,004",Public,Commercial,Crassostrea virginica,79872,GULFFINHIST
1985,VIRGINIA,"OYSTER, EASTERN","4,523,718","2,052","7,224,272",Public,Commercial,Crassostrea virginica,79872,ACCSPHIST
1984,MARYLAND,"OYSTER, EASTERN","8,042,500","3,648","18,850,196",Public,Commercial,Crassostrea virginica,79872,ACCSPHIST
1984,MISSISSIPPI,"OYSTER, EASTERN","1,378,202",625,"1,733,819",Public,Commercial,Crassostrea virginica,79872,GULFFINHIST
1984,VIRGINIA,"OYSTER, EASTERN","4,321,500","1,960","7,350,928",Public,Commercial,Crassostrea virginica,79872,ACCSPHIST
1983,MARYLAND,"OYSTER, EASTERN","7,445,400","3,377","13,951,428",Public,Commercial,Crassostrea virginica,79872,ACCSPHIST
1983,MISSISSIPPI,"OYSTER, EASTERN","3,333,010","1,512","3,600,967",Public,Commercial,Crassostrea virginica,79872,GULFFINHIST
1983,VIRGINIA,"OYSTER, EASTERN","4,192,100","1,902","5,882,175",Public,Commercial,Crassostrea virginica,79872,ACCSPHIST
1982,MARYLAND,"OYSTER, EASTERN","12,275,300","5,568","18,320,171",Public,Commercial,Crassostrea virginica,79872,ACCSPHIST
1982,MISSISSIPPI,"OYSTER, EASTERN","2,575,970","1,168","2,237,683",Public,Commercial,Crassostrea virginica,79872,GULFFINHIST
1982,VIRGINIA,"OYSTER, EASTERN","5,249,400","2,381","7,448,155",Public,Commercial,Crassostrea virginica,79872,ACCSPHIST
1981,MARYLAND,"OYSTER, EASTERN","15,721,600","7,131","21,701,605",Public,Commercial,Crassostrea virginica,79872,ACCSPHIST
1981,MISSISSIPPI,"OYSTER, EASTERN","467,070",212,"472,729",Public,Commercial,Crassostrea virginica,79872,GULFFINHIST
1981,VIRGINIA,"OYSTER, EASTERN","5,884,600","2,669","7,595,270",Public,Commercial,Crassostrea virginica,79872,ACCSPHIST
1980,MARYLAND,"OYSTER, EASTERN","14,944,600","6,779","19,832,274",Public,Commercial,Crassostrea virginica,79872,ACCSPHIST
1980,MISSISSIPPI,"OYSTER, EASTERN","20,786",9,"21,995",Public,Commercial,Crassostrea virginica,79872,GULFFINHIST
1980,VIRGINIA,"OYSTER, EASTERN","7,846,500","3,559","9,490,846",Public,Commercial,Crassostrea virginica,79872,ACCSPHIST
1979,MARYLAND,"OYSTER, EASTERN","13,489,000","6,119","17,120,385",Public,Commercial,Crassostrea virginica,79872,ACCSPHIST
1979,MISSISSIPPI,"OYSTER, EASTERN","272,100",123,"275,471",Confidential,Commercial,Crassostrea virginica,79872,GULFFINHIST
1979,VIRGINIA,"OYSTER, EASTERN","8,196,500","3,718","9,862,703",Public,Commercial,Crassostrea virginica,79872,ACCSPHIST
1978,MARYLAND,"OYSTER, EASTERN","14,372,900","6,520","15,833,745",Public,Commercial,Crassostrea virginica,79872,ACCSPHIST
1978,MISSISSIPPI,"OYSTER, EASTERN","682,430",310,"735,059",Public,Commercial,Crassostrea virginica,79872,GULFFINHIST
1978,VIRGINIA,"OYSTER, EASTERN","8,087,300","3,668","9,031,615",Public,Commercial,Crassostrea virginica,79872,ACCSPHIST
1977,MARYLAND,"OYSTER, EASTERN","13,028,200","5,910","14,352,138",Public,Commercial,Crassostrea virginica,79872,ACCSPHIST
1977,MISSISSIPPI,"OYSTER, EASTERN","1,386,000",629,"1,156,208",Public,Commercial,Crassostrea virginica,79872,GULFFINHIST
1977,VIRGINIA,"OYSTER, EASTERN","4,985,500","2,261","5,580,638",Public,Commercial,Crassostrea virginica,79872,ACCSPHIST
1976,MARYLAND,"OYSTER, EASTERN","14,880,300","6,750","15,870,395",Public,Commercial,Crassostrea virginica,79872,ACCSPHIST
1976,MISSISSIPPI,"OYSTER, EASTERN","1,516,300",688,"1,015,165",Public,Commercial,Crassostrea virginica,79872,GULFFINHIST
1976,VIRGINIA,"OYSTER, EASTERN","6,084,100","2,760","5,877,220",Public,Commercial,Crassostrea virginica,79872,ACCSPHIST
1975,MARYLAND,"OYSTER, EASTERN","16,402,300","7,440","13,126,669",Public,Commercial,Crassostrea virginica,79872,ACCSPHIST
1975,MISSISSIPPI,"OYSTER, EASTERN","1,080,700",490,"534,497",Public,Commercial,Crassostrea virginica,79872,GULFFINHIST
1975,VIRGINIA,"OYSTER, EASTERN","6,237,200","2,829","4,999,122",Public,Commercial,Crassostrea virginica,79872,ACCSPHIST
1974,MARYLAND,"OYSTER, EASTERN","18,284,100","8,294","12,707,575",Public,Commercial,Crassostrea virginica,79872,ACCSPHIST
1974,MISSISSIPPI,"OYSTER, EASTERN","276,600",125,"157,304",Public,Commercial,Crassostrea virginica,79872,GULFFINHIST
1974,VIRGINIA,"OYSTER, EASTERN","6,737,900","3,056","4,844,038",Public,Commercial,Crassostrea virginica,79872,ACCSPHIST
1973,MARYLAND,"OYSTER, EASTERN","20,422,200","9,263","13,587,262",Public,Commercial,Crassostrea virginica,79872,ACCSPHIST
1973,MISSISSIPPI,"OYSTER, EASTERN","611,500",277,"365,102",Public,Commercial,Crassostrea virginica,79872,GULFFINHIST
1973,VIRGINIA,"OYSTER, EASTERN","4,979,500","2,259","3,178,554",Public,Commercial,Crassostrea virginica,79872,ACCSPHIST
1972,MARYLAND,"OYSTER, EASTERN","19,052,800","8,642","12,075,629",Public,Commercial,Crassostrea virginica,79872,ACCSPHIST
1972,MISSISSIPPI,"OYSTER, EASTERN","1,220,400",554,"580,876",Public,Commercial,Crassostrea virginica,79872,GULFFINHIST
1972,VIRGINIA,"OYSTER, EASTERN","5,014,400","2,275","3,240,723",Public,Commercial,Crassostrea virginica,79872,ACCSPHIST
1971,MARYLAND,"OYSTER, EASTERN","17,116,900","7,764","10,535,549",Public,Commercial,Crassostrea virginica,79872,ACCSPHIST
1971,MISSISSIPPI,"OYSTER, EASTERN","1,214,500",551,"472,274",Public,Commercial,Crassostrea virginica,79872,GULFFINHIST
1971,VIRGINIA,"OYSTER, EASTERN","8,441,500","3,829","5,509,965",Public,Commercial,Crassostrea virginica,79872,ACCSPHIST
1970,MARYLAND,"OYSTER, EASTERN","16,625,200","7,541","9,653,498",Public,Commercial,Crassostrea virginica,79872,ACCSPHIST
1970,MISSISSIPPI,"OYSTER, EASTERN","547,500",248,"237,531",Public,Commercial,Crassostrea virginica,79872,GULFFINHIST
1970,VIRGINIA,"OYSTER, EASTERN","8,043,300","3,648","5,426,940",Public,Commercial,Crassostrea virginica,79872,ACCSPHIST
1969,MARYLAND,"OYSTER, EASTERN","14,721,200","6,677","9,010,566",Public,Commercial,Crassostrea virginica,79872,ACCSPHIST
1969,MISSISSIPPI,"OYSTER, EASTERN","1,429,800",649,"551,359",Public,Commercial,Crassostrea virginica,79872,GULFFINHIST
1969,VIRGINIA,"OYSTER, EASTERN","7,436,600","3,373","4,985,967",Public,Commercial,Crassostrea virginica,79872,ACCSPHIST
1968,MARYLAND,"OYSTER, EASTERN","14,873,800","6,747","9,990,452",Public,Commercial,Crassostrea virginica,79872,ACCSPHIST
1968,MISSISSIPPI,"OYSTER, EASTERN","3,786,200","1,717","1,163,028",Public,Commercial,Crassostrea virginica,79872,GULFFINHIST
1968,VIRGINIA,"OYSTER, EASTERN","7,804,700","3,540","5,268,749",Public,Commercial,Crassostrea virginica,79872,ACCSPHIST
1967,MARYLAND,"OYSTER, EASTERN","16,729,800","7,589","11,362,836",Public,Commercial,Crassostrea virginica,79872,ACCSPHIST
1967,MISSISSIPPI,"OYSTER, EASTERN","3,785,900","1,717","1,066,168",Public,Commercial,Crassostrea virginica,79872,GULFFINHIST
1967,VIRGINIA,"OYSTER, EASTERN","9,068,000","4,113","5,959,026",Public,Commercial,Crassostrea virginica,79872,ACCSPHIST
1966,MARYLAND,"OYSTER, EASTERN","11,788,700","5,347","8,048,537",Public,Commercial,Crassostrea virginica,79872,ACCSPHIST
1966,MISSISSIPPI,"OYSTER, EASTERN","2,231,700","1,012","597,020",Public,Commercial,Crassostrea virginica,79872,GULFFINHIST
1966,VIRGINIA,"OYSTER, EASTERN","9,442,600","4,283","6,493,982",Public,Commercial,Crassostrea virginica,79872,ACCSPHIST
1965,MARYLAND,"OYSTER, EASTERN","8,620,100","3,910","6,405,280",Public,Commercial,Crassostrea virginica,79872,ACCSPHIST
1965,MISSISSIPPI,"OYSTER, EASTERN","2,695,400","1,223","626,796",Public,Commercial,Crassostrea virginica,79872,GULFFINHIST
1965,VIRGINIA,"OYSTER, EASTERN","12,568,400","5,701","10,291,253",Public,Commercial,Crassostrea virginica,79872,ACCSPHIST
1964,MARYLAND,"OYSTER, EASTERN","7,947,700","3,605","5,460,637",Public,Commercial,Crassostrea virginica,79872,ACCSPHIST
1964,MISSISSIPPI,"OYSTER, EASTERN","4,828,600","2,190","1,098,736",Public,Commercial,Crassostrea virginica,79872,GULFFINHIST
1964,VIRGINIA,"OYSTER, EASTERN","14,150,200","6,418","10,345,064",Public,Commercial,Crassostrea virginica,79872,ACCSPHIST
1963,MARYLAND,"OYSTER, EASTERN","7,756,400","3,518","5,618,082",Public,Commercial,Crassostrea virginica,79872,ACCSPHIST
1963,MISSISSIPPI,"OYSTER, EASTERN","4,679,500","2,123","975,115",Public,Commercial,Crassostrea virginica,79872,GULFFINHIST
1963,VIRGINIA,"OYSTER, EASTERN","10,517,900","4,771","8,110,189",Public,Commercial,Crassostrea virginica,79872,ACCSPHIST
1962,MARYLAND,"OYSTER, EASTERN","8,137,500","3,691","6,182,332",Public,Commercial,Crassostrea virginica,79872,ACCSPHIST
1962,MISSISSIPPI,"OYSTER, EASTERN","2,073,700",941,"537,870",Public,Commercial,Crassostrea virginica,79872,GULFFINHIST
1962,VIRGINIA,"OYSTER, EASTERN","11,800,000","5,352","9,773,869",Public,Commercial,Crassostrea virginica,79872,ACCSPHIST
1961,MARYLAND,"OYSTER, EASTERN","10,336,600","4,689","7,802,392",Public,Commercial,Crassostrea virginica,79872,ACCSPHIST
1961,MISSISSIPPI,"OYSTER, EASTERN","3,241,100","1,470","752,456",Public,Commercial,Crassostrea virginica,79872,GULFFINHIST
1961,VIRGINIA,"OYSTER, EASTERN","17,163,500","7,785","13,932,107",Public,Commercial,Crassostrea virginica,79872,ACCSPHIST
1960,MARYLAND,"OYSTER, EASTERN","11,769,700","5,339","8,426,224",Public,Commercial,Crassostrea virginica,79872,ACCSPHIST
1960,MISSISSIPPI,"OYSTER, EASTERN","2,390,700","1,084","535,495",Public,Commercial,Crassostrea virginica,79872,GULFFINHIST
1960,VIRGINIA,"OYSTER, EASTERN","15,340,400","6,958","10,882,946",Public,Commercial,Crassostrea virginica,79872,ACCSPHIST
1959,MARYLAND,"OYSTER, EASTERN","11,966,200","5,428","7,234,124",Public,Commercial,Crassostrea virginica,79872,ACCSPHIST
1959,MISSISSIPPI,"OYSTER, EASTERN","333,800",151,"82,488",Public,Commercial,Crassostrea virginica,79872,GULFFINHIST
1959,VIRGINIA,"OYSTER, EASTERN","21,354,900","9,687","13,374,298",Public,Commercial,Crassostrea virginica,79872,ACCSPHIST
1958,MARYLAND,"OYSTER, EASTERN","12,026,700","5,455","6,667,542",Public,Commercial,Crassostrea virginica,79872,ACCSPHIST
1958,MISSISSIPPI,"OYSTER, EASTERN","578,800",263,"122,322",Public,Commercial,Crassostrea virginica,79872,GULFFINHIST
1958,VIRGINIA,"OYSTER, EASTERN","25,503,700","11,568","14,126,422",Public,Commercial,Crassostrea virginica,79872,ACCSPHIST
1957,MARYLAND,"OYSTER, EASTERN","14,732,400","6,683","7,601,768",Public,Commercial,Crassostrea virginica,79872,ACCSPHIST
1957,MISSISSIPPI,"OYSTER, EASTERN","862,300",391,"185,402",Public,Commercial,Crassostrea virginica,79872,GULFFINHIST
1957,VIRGINIA,"OYSTER, EASTERN","20,089,500","9,113","9,846,869",Public,Commercial,Crassostrea virginica,79872,ACCSPHIST
1956,MARYLAND,"OYSTER, EASTERN","15,843,900","7,187","8,791,685",Public,Commercial,Crassostrea virginica,79872,ACCSPHIST
1956,MISSISSIPPI,"OYSTER, EASTERN","846,300",384,"173,654",Public,Commercial,Crassostrea virginica,79872,GULFFINHIST
1956,VIRGINIA,"OYSTER, EASTERN","21,220,200","9,625","9,900,857",Public,Commercial,Crassostrea virginica,79872,ACCSPHIST
1955,MARYLAND,"OYSTER, EASTERN","17,271,900","7,834","7,786,400",Public,Commercial,Crassostrea virginica,79872,ACCSPHIST
1955,MISSISSIPPI,"OYSTER, EASTERN","1,731,200",785,"349,851",Public,Commercial,Crassostrea virginica,79872,GULFFINHIST
1955,VIRGINIA,"OYSTER, EASTERN","21,955,600","9,959","10,015,845",Public,Commercial,Crassostrea virginica,79872,ACCSPHIST
1954,MARYLAND,"OYSTER, EASTERN","20,363,200","9,237","9,019,500",Public,Commercial,Crassostrea virginica,79872,ACCSPHIST
1954,MISSISSIPPI,"OYSTER, EASTERN","976,500",443,"199,455",Public,Commercial,Crassostrea virginica,79872,GULFFINHIST
1954,VIRGINIA,"OYSTER, EASTERN","21,224,600","9,627","9,840,750",Public,Commercial,Crassostrea virginica,79872,ACCSPHIST
1953,MARYLAND,"OYSTER, EASTERN","17,433,900","7,908","7,074,450",Public,Commercial,Crassostrea virginica,79872,ACCSPHIST
1953,MISSISSIPPI,"OYSTER, EASTERN","317,700",144,"77,107",Public,Commercial,Crassostrea virginica,79872,GULFFINHIST
1953,VIRGINIA,"OYSTER, EASTERN","19,511,000","8,850","7,652,215",Public,Commercial,Crassostrea virginica,79872,ACCSPHIST
1952,MARYLAND,"OYSTER, EASTERN","16,287,600","7,388","7,165,000",Public,Commercial,Crassostrea virginica,79872,ACCSPHIST
1952,MISSISSIPPI,"OYSTER, EASTERN","23,100",10,"8,638",Public,Commercial,Crassostrea virginica,79872,GULFFINHIST
1952,VIRGINIA,"OYSTER, EASTERN","18,130,000","8,224","7,711,975",Public,Commercial,Crassostrea virginica,79872,ACCSPHIST
1951,MARYLAND,"OYSTER, EASTERN","14,521,900","6,587","6,692,360",Public,Commercial,Crassostrea virginica,79872,ACCSPHIST
1951,MISSISSIPPI,"OYSTER, EASTERN","27,600",13,"10,515",Public,Commercial,Crassostrea virginica,79872,GULFFINHIST
1951,VIRGINIA,"OYSTER, EASTERN","15,076,300","6,839","5,276,511",Public,Commercial,Crassostrea virginica,79872,ACCSPHIST
1950,MARYLAND,"OYSTER, EASTERN","14,406,000","6,535","5,520,892",Public,Commercial,Crassostrea virginica,79872,ACCSPHIST
1950,MISSISSIPPI,"OYSTER, EASTERN","507,800",230,"195,370",Public,Commercial,Crassostrea virginica,79872,GULFFINHIST
1950,VIRGINIA,"OYSTER, EASTERN","15,547,500","7,052","5,573,880",Public,Commercial,Crassostrea virginica,79872,ACCSPHIST
